{"initial_reset_timestamp": 1610728009.5744185, "timestamps": [1610728017.2940252, 1610728019.5114608, 1610728019.6997144, 1610728020.1091044, 1610728020.4555478, 1610728020.623701, 1610728020.9700303, 1610728021.3263447, 1610728026.5106375, 1610728026.7008097, 1610728027.0661416, 1610728027.2963939, 1610728027.781841, 1610728028.036063, 1610728028.2032404, 1610728028.614624, 1610728028.8588743, 1610728029.026044, 1610728029.323297, 1610728029.487462, 1610728029.8688636, 1610728030.0530932, 1610728030.21951, 1610728030.3696465], "episode_lengths": [256, 120, 125, 384, 334, 134, 340, 293, 301, 115, 346, 245, 400, 246, 134, 413, 249, 131, 305, 115, 346, 180, 122, 121], "episode_rewards": [267.8722223605141, -24.156042636191884, 36.118312464800226, 150.55223505430868, -116.22852168038816, -0.7913681650580031, 12.867799650900636, 229.94119287001243, -113.90450207509743, 52.783873614891036, 223.48193112963833, 222.29010309190065, -45.834307037519565, -204.5615763515269, -32.22628029003056, -114.48138542999132, -160.8676853778532, 47.58442074456366, 225.9811906279914, -8.678927166621037, -217.01151764979159, -1.5568371835749844, -27.200526199520226, 8.903923756413619], "episode_types": ["t", "t", "t", "t", "t", "t", "t", "t", "t", "t", "t", "t", "t", "t", "t", "t", "t", "t", "t", "t", "t", "t", "t", "t", "t"]}